filename,width,height,class,xmin,ymin,xmax,ymax
img (31).jpg,295,171,fire,5,40,81,95
img (32).jpg,undefined,undefined,fire,63,107,150,166
img (33).jpg,undefined,undefined,fire,153,114,218,153
img (34).jpg,undefined,undefined,fire,135,87,197,145
img (35).jpg,undefined,undefined,fire,206,11,288,73
img (36).jpg,undefined,undefined,fire,45,52,112,135
img (37).jpg,undefined,undefined,fire,103,70,194,132
img (38).jpg,undefined,undefined,fire,88,38,178,111
img (39).jpg,undefined,undefined,fire,107,100,170,135
img (40).jpg,undefined,undefined,fire,104,74,198,162
img (40).jpg,undefined,undefined,fire,215,122,258,157
img (41).jpg,undefined,undefined,fire,110,53,150,113
img (42).jpg,undefined,undefined,fire,85,74,168,116
img (43).jpg,undefined,undefined,fire,80,62,165,109
img (44).jpg,undefined,undefined,fire,9,31,115,120
img (44).jpg,undefined,undefined,fire,73,119,103,141
img (44).jpg,undefined,undefined,fire,17,126,53,154
img (44).jpg,undefined,undefined,fire,165,96,204,124
img (45).jpg,undefined,undefined,fire,80,86,184,182
img (46).jpg,undefined,undefined,fire,94,35,148,121
img (46).jpg,undefined,undefined,fire,139,69,182,159
img (46).jpg,undefined,undefined,fire,183,105,228,148
img (47).jpg,undefined,undefined,fire,125,85,197,135
img (48).jpg,undefined,undefined,fire,88,61,161,130
img (49).jpg,undefined,undefined,fire,113,36,215,107
img (50).jpg,undefined,undefined,fire,147,57,199,108
img (51).jpg,undefined,undefined,fire,95,87,154,136
img (52).jpg,undefined,undefined,fire,136,123,190,168
img (53).jpg,undefined,undefined,fire,64,33,158,111
img (54).jpg,undefined,undefined,fire,162,99,215,139
img (55).jpg,undefined,undefined,fire,76,71,155,144
img (56).jpg,undefined,undefined,fire,78,70,158,115
img (57).jpg,undefined,undefined,fire,131,74,221,138
img (57).jpg,undefined,undefined,fire,82,109,132,138
img (58).jpg,undefined,undefined,fire,162,61,254,122
img (59).jpg,undefined,undefined,fire,102,101,137,129
img (59).jpg,undefined,undefined,fire,144,108,174,183
img (60).jpg,undefined,undefined,fire,85,44,180,138
img (60).jpg,undefined,undefined,fire,85,13,133,41
img (61).jpg,undefined,undefined,fire,152,22,226,96
img (62).jpg,undefined,undefined,fire,100,77,179,112
img (63).jpg,undefined,undefined,fire,118,80,178,140
img (64).jpg,undefined,undefined,fire,63,52,164,130
img (65).jpg,undefined,undefined,fire,104,13,192,108
img (66).jpg,undefined,undefined,fire,91,34,165,95
img (67).jpg,undefined,undefined,fire,140,65,240,111
img (67).jpg,undefined,undefined,fire,135,114,199,144
img (68).jpg,undefined,undefined,fire,38,109,124,156
img (69).jpg,undefined,undefined,fire,50,95,128,157
img (70).jpg,undefined,undefined,fire,87,18,156,75
img (71).jpg,undefined,undefined,fire,89,117,134,149
img (72).jpg,undefined,undefined,fire,26,63,82,117
img (72).jpg,undefined,undefined,fire,63,120,114,162
img (72).jpg,undefined,undefined,fire,123,128,157,157
img (73).jpg,undefined,undefined,fire,174,63,242,120
img (74).jpg,undefined,undefined,fire,47,172,100,233
img (74).jpg,undefined,undefined,fire,104,187,174,254
img (75).jpg,undefined,undefined,fire,99,107,196,165
img (76).jpg,undefined,undefined,fire,207,110,256,158
img (77).jpg,undefined,undefined,fire,118,54,215,120
img (78).jpg,undefined,undefined,fire,61,26,157,78
img (79).jpg,undefined,undefined,fire,105,4,208,128
img (79).jpg,undefined,undefined,fire,257,90,323,123
img (79).jpg,undefined,undefined,fire,216,27,254,51
img (80).jpg,undefined,undefined,fire,71,52,143,120
img (80).jpg,undefined,undefined,fire,183,79,211,103
img (81).jpg,undefined,undefined,fire,129,56,174,109
img (82).jpg,undefined,undefined,fire,151,42,254,161
img (83).jpg,undefined,undefined,fire,66,65,180,126
img (84).jpg,undefined,undefined,fire,152,23,241,101
img (85).jpg,undefined,undefined,fire,42,31,116,106
img (85).jpg,undefined,undefined,fire,107,39,173,143
img (86).jpg,undefined,undefined,fire,166,85,222,118
img (87).jpg,undefined,undefined,fire,67,53,164,136
img (88).jpg,undefined,undefined,fire,104,85,161,153
img (89).jpg,undefined,undefined,fire,97,52,203,122
img (90).jpg,undefined,undefined,fire,191,96,254,155
img (91).jpg,undefined,undefined,fire,148,67,223,128
img (91).jpg,undefined,undefined,fire,224,18,292,91
img (92).jpg,undefined,undefined,fire,88,30,140,95
img (93).jpg,undefined,undefined,fire,55,78,105,109
img (94).jpg,undefined,undefined,fire,13,150,138,259
img (95).jpg,undefined,undefined,fire,144,27,225,109
img (96).jpg,undefined,undefined,fire,72,97,141,149
img (96).jpg,undefined,undefined,fire,140,51,206,145
img (97).jpg,undefined,undefined,fire,76,45,175,97
img (97).jpg,undefined,undefined,fire,166,60,232,148
img (98).jpg,undefined,undefined,fire,121,77,173,132
img (98).jpg,undefined,undefined,fire,179,116,200,130
img (99).jpg,undefined,undefined,fire,136,27,253,93
img (100).jpg,undefined,undefined,fire,106,120,200,168
img (101).jpg,undefined,undefined,fire,90,109,162,188
img (102).jpg,undefined,undefined,fire,132,48,205,100
img (103).jpg,188,268,fire,38,199,86,250
img (104).jpg,undefined,undefined,fire,46,40,138,112
img (105).jpg,undefined,undefined,fire,169,16,257,109
img (106).jpg,undefined,undefined,fire,139,95,172,138
img (107).jpg,undefined,undefined,fire,99,54,178,119
img (108).jpg,undefined,undefined,fire,67,80,185,130
img (109).jpg,undefined,undefined,fire,22,34,174,116
img (110).jpg,undefined,undefined,fire,112,83,189,123
img (111).jpg,undefined,undefined,fire,106,84,182,143
img (112).jpg,undefined,undefined,fire,57,37,147,88
img (113).jpg,undefined,undefined,fire,97,72,176,124
img (114).jpg,undefined,undefined,fire,27,111,76,151
img (115).jpg,undefined,undefined,fire,64,92,123,144
img (116).jpg,undefined,undefined,fire,109,89,218,167
img (117).jpg,undefined,undefined,fire,57,36,146,87
img (118).jpg,undefined,undefined,fire,106,122,141,162
img (119).jpg,undefined,undefined,fire,93,79,152,113
img (120).jpg,undefined,undefined,fire,61,79,176,151
img (121).jpg,undefined,undefined,fire,133,97,229,152
img (122).jpg,undefined,undefined,fire,56,154,130,220
img (123).jpg,undefined,undefined,fire,92,81,149,123
img (124).jpg,undefined,undefined,fire,69,72,140,150
img (125).jpg,undefined,undefined,fire,68,88,130,126
img (126).jpg,undefined,undefined,fire,54,47,168,126
img (127).jpg,undefined,undefined,fire,89,35,210,135
img (128).jpg,undefined,undefined,fire,62,82,154,122
img (128).jpg,undefined,undefined,fire,189,100,252,125
img (128).jpg,undefined,undefined,fire,187,131,213,151
img (128).jpg,undefined,undefined,fire,228,147,255,168
img (129).jpg,undefined,undefined,fire,91,55,176,113
img (130).jpg,undefined,undefined,fire,34,44,120,118
img (131).jpg,undefined,undefined,fire,8,149,74,217
img (131).jpg,undefined,undefined,fire,60,132,103,186
img (131).jpg,undefined,undefined,fire,91,110,117,133
img (131).jpg,undefined,undefined,fire,110,125,145,162
img (132).jpg,undefined,undefined,fire,91,8,224,110
img (132).jpg,undefined,undefined,fire,62,119,96,142
img (133).jpg,undefined,undefined,fire,38,107,126,161
img (134).jpg,undefined,undefined,fire,168,70,252,152
img (135).jpg,undefined,undefined,fire,83,88,179,162
img (136).jpg,undefined,undefined,fire,149,45,229,111
img (137).jpg,undefined,undefined,fire,88,106,158,140
img (138).jpg,undefined,undefined,fire,144,86,199,120
img (139).jpg,undefined,undefined,fire,83,60,129,106
img (140).jpg,undefined,undefined,fire,84,40,159,91
img (141).jpg,undefined,undefined,fire,61,60,123,97
img (142).jpg,undefined,undefined,fire,162,52,234,118
img (143).jpg,undefined,undefined,fire,116,46,216,120
img (144).jpg,undefined,undefined,fire,73,52,169,100
img (145).jpg,undefined,undefined,fire,34,157,99,205
img (145).jpg,undefined,undefined,fire,79,127,157,166
img (145).jpg,undefined,undefined,fire,153,117,211,157
img (145).jpg,undefined,undefined,fire,156,151,216,200
img (146).jpg,undefined,undefined,fire,125,40,199,101
img (146).jpg,undefined,undefined,fire,26,65,79,129
img (146).jpg,undefined,undefined,fire,73,51,142,114
img (147).jpg,undefined,undefined,fire,75,62,163,148
pic (31).jpg,undefined,undefined,fire,152,78,280,165
pic (32).jpg,undefined,undefined,fire,72,13,149,163
pic (33).jpg,undefined,undefined,fire,77,51,122,95
pic (33).jpg,undefined,undefined,fire,140,34,234,114
pic (34).jpg,undefined,undefined,fire,49,96,130,174
pic (35).jpg,undefined,undefined,fire,161,66,250,148
pic (36).jpg,undefined,undefined,fire,121,58,221,144
pic (36).jpg,undefined,undefined,fire,178,139,225,165
pic (37).jpg,undefined,undefined,fire,167,58,249,144
pic (38).jpg,undefined,undefined,fire,105,34,292,126
pic (39).jpg,undefined,undefined,fire,115,109,188,177
pic (40).jpg,undefined,undefined,fire,140,23,249,94
pic (41).jpg,undefined,undefined,fire,87,115,117,144
pic (42).jpg,undefined,undefined,fire,86,117,115,149
pic (43).jpg,undefined,undefined,fire,73,34,161,139
pic (44).jpg,undefined,undefined,fire,28,54,179,152
pic (45).jpg,undefined,undefined,fire,92,102,216,180
pic (46).jpg,undefined,undefined,fire,118,49,246,153
pic (47).jpg,undefined,undefined,fire,97,74,185,130
pic (47).jpg,undefined,undefined,fire,121,139,180,165
pic (48).jpg,undefined,undefined,fire,98,75,195,143
pic (48).jpg,undefined,undefined,fire,125,141,179,161
pic (49).jpg,undefined,undefined,fire,62,44,119,90
pic (49).jpg,undefined,undefined,fire,99,89,136,129
pic (50).jpg,undefined,undefined,fire,71,60,140,113
pic (50).jpg,undefined,undefined,fire,136,100,226,139
pic (50).jpg,undefined,undefined,fire,193,47,230,93
pic (51).jpg,undefined,undefined,fire,191,44,240,100
pic (52).jpg,undefined,undefined,fire,100,49,197,118
pic (53).jpg,undefined,undefined,fire,129,33,230,107
pic (54).jpg,undefined,undefined,fire,111,21,232,81
pic (54).jpg,undefined,undefined,fire,220,99,246,120
pic (55).jpg,undefined,undefined,fire,83,65,162,119
pic (56).jpg,undefined,undefined,fire,76,51,183,129
pic (57).jpg,undefined,undefined,fire,79,51,181,138
pic (58).jpg,undefined,undefined,fire,124,48,186,84
pic (58).jpg,undefined,undefined,fire,160,83,192,130
pic (58).jpg,undefined,undefined,fire,126,93,148,107
pic (58).jpg,undefined,undefined,fire,122,116,161,130
pic (59).jpg,undefined,undefined,fire,60,41,117,158
pic (60).jpg,undefined,undefined,fire,39,136,103,181
pic (61).jpg,undefined,undefined,fire,125,50,224,163
pic (62).jpg,undefined,undefined,fire,84,26,189,101
pic (63).jpg,undefined,undefined,fire,67,58,121,109
pic (64).jpg,undefined,undefined,fire,63,30,128,110
pic (65).jpg,undefined,undefined,fire,125,105,170,158
pic (66).jpg,259,194,fire,72,57,147,114
pic (67).jpg,undefined,undefined,fire,81,86,148,157
pic (68).jpg,undefined,undefined,fire,110,33,206,103
pic (68).jpg,undefined,undefined,fire,114,138,144,162
pic (69).jpg,undefined,undefined,fire,40,69,172,134
pic (70).jpg,undefined,undefined,fire,76,16,176,170
pic (71).jpg,undefined,undefined,fire,52,11,197,106
pic (72).jpg,undefined,undefined,fire,73,52,141,112
pic (72).jpg,undefined,undefined,fire,142,108,223,143
pic (72).jpg,undefined,undefined,fire,194,54,227,92
pic (73).jpg,undefined,undefined,fire,156,40,218,90
pic (74).jpg,undefined,undefined,fire,61,125,106,186
pic (75).jpg,undefined,undefined,fire,121,68,158,98
pic (75).jpg,undefined,undefined,fire,160,40,197,87
pic (76).jpg,undefined,undefined,fire,124,102,178,149
pic (77).jpg,undefined,undefined,fire,75,30,160,111
pic (77).jpg,undefined,undefined,fire,90,102,153,189
pic (78).jpg,undefined,undefined,fire,77,56,158,138
pic (79).jpg,undefined,undefined,fire,103,16,199,134
pic (80).jpg,undefined,undefined,fire,64,15,190,100
pic (81).jpg,undefined,undefined,fire,122,70,242,120
pic (82).jpg,undefined,undefined,fire,16,144,55,178
pic (82).jpg,undefined,undefined,fire,84,88,119,109
pic (82).jpg,undefined,undefined,fire,177,56,253,126
pic (83).jpg,undefined,undefined,fire,108,49,216,132
pic (84).jpg,undefined,undefined,fire,28,73,124,111
pic (85).jpg,undefined,undefined,fire,82,50,109,70
pic (85).jpg,undefined,undefined,fire,129,16,223,114
pic (86).jpg,undefined,undefined,fire,48,151,117,207
pic (87).jpg,undefined,undefined,fire,32,51,186,169
pic (88).jpg,undefined,undefined,fire,32,47,178,158
pic (89).jpg,undefined,undefined,fire,45,104,76,135
pic (89).jpg,undefined,undefined,fire,69,90,100,118
pic (89).jpg,undefined,undefined,fire,91,108,155,167
pic (90).jpg,undefined,undefined,fire,106,60,187,119
pic (91).jpg,undefined,undefined,fire,83,117,143,201
pic (92).jpg,undefined,undefined,fire,100,5,179,75
pic (93).jpg,undefined,undefined,fire,65,4,177,107
pic (94).jpg,undefined,undefined,fire,100,42,192,117
pic (95).jpg,undefined,undefined,fire,101,55,174,128
pic (96).jpg,undefined,undefined,fire,181,84,273,182
pic (97).jpg,undefined,undefined,fire,27,34,121,129
pic (97).jpg,undefined,undefined,fire,124,32,275,143
pic (98).jpg,undefined,undefined,fire,45,95,110,159
pic (98).jpg,undefined,undefined,fire,112,108,150,143
pic (99).jpg,undefined,undefined,fire,75,126,149,194
pic (100).jpg,undefined,undefined,fire,67,23,188,158
pic (101).jpg,undefined,undefined,fire,43,64,95,133
pic (102).jpg,undefined,undefined,fire,96,46,176,104
pic (103).jpg,undefined,undefined,fire,76,20,185,80
pic (104).jpg,undefined,undefined,fire,66,101,219,182
pic (105).jpg,undefined,undefined,fire,109,43,192,114
pic (106).jpg,undefined,undefined,fire,105,88,183,131
pic (107).jpg,undefined,undefined,fire,108,10,277,159
pic (108).jpg,undefined,undefined,fire,118,61,209,119
pic (109).jpg,undefined,undefined,fire,145,26,253,175
pic (110).jpg,undefined,undefined,fire,46,47,111,97
pic (111).jpg,undefined,undefined,fire,86,32,204,125
pic (112).jpg,undefined,undefined,fire,189,9,276,136
pic (113).jpg,undefined,undefined,fire,96,38,173,133
pic (114).jpg,undefined,undefined,fire,53,116,108,150
pic (115).jpg,undefined,undefined,fire,52,116,113,149
pic (116).jpg,undefined,undefined,fire,141,34,205,92
pic (117).jpg,undefined,undefined,fire,123,101,166,138
pic (118).jpg,undefined,undefined,fire,128,80,169,138
pic (118).jpg,undefined,undefined,fire,110,144,132,165
pic (118).jpg,undefined,undefined,fire,137,147,163,163
pic (119).jpg,undefined,undefined,fire,65,91,175,142
pic (119).jpg,undefined,undefined,fire,137,78,174,105
pic (120).jpg,undefined,undefined,fire,64,94,181,137
pic (120).jpg,undefined,undefined,fire,131,80,182,107
pic (121).jpg,undefined,undefined,fire,118,61,200,119
pic (121).jpg,undefined,undefined,fire,198,74,234,115
pic (122).jpg,undefined,undefined,fire,114,52,172,87
pic (123).jpg,undefined,undefined,fire,45,55,127,129
pic (124).jpg,undefined,undefined,fire,53,57,230,133
pic (125).jpg,undefined,undefined,fire,180,41,206,70
pic (126).jpg,undefined,undefined,fire,50,129,160,197
pic (127).jpg,undefined,undefined,fire,149,37,205,93
pic (128).jpg,undefined,undefined,fire,136,84,187,165
pic (128).jpg,undefined,undefined,fire,186,71,234,112
pic (129).jpg,undefined,undefined,fire,49,166,150,248
pic (130).jpg,undefined,undefined,fire,115,1,275,83
pic (131).jpg,undefined,undefined,fire,156,87,248,165
pic (132).jpg,undefined,undefined,fire,55,68,92,103
pic (132).jpg,undefined,undefined,fire,84,167,177,196
pic (132).jpg,undefined,undefined,fire,106,66,183,101
pic (132).jpg,undefined,undefined,fire,179,50,222,128
pic (133).jpg,undefined,undefined,fire,48,90,101,131
pic (133).jpg,undefined,undefined,fire,200,95,247,125
pic (134).jpg,undefined,undefined,fire,33,122,51,147
pic (134).jpg,undefined,undefined,fire,70,64,120,107
pic (135).jpg,undefined,undefined,fire,106,51,164,104
pic (136).jpg,undefined,undefined,fire,170,35,271,128
pic (137).jpg,undefined,undefined,fire,92,15,191,79
pic (138).jpg,undefined,undefined,fire,26,94,99,141
pic (138).jpg,undefined,undefined,fire,229,27,296,69
pic (139).jpg,undefined,undefined,fire,112,10,226,114
pic (140).jpg,undefined,undefined,fire,61,72,123,126
pic (141).jpg,undefined,undefined,fire,26,42,77,98
pic (142).jpg,undefined,undefined,fire,123,116,176,177
pic (143).jpg,undefined,undefined,fire,76,18,174,191
pic (144).jpg,undefined,undefined,fire,115,94,164,141
pic (145).jpg,undefined,undefined,fire,101,40,211,125
pic (146).jpg,undefined,undefined,fire,86,9,162,50
pic (146).jpg,undefined,undefined,fire,100,50,143,76
pic (146).jpg,undefined,undefined,fire,93,118,193,169
pic (147).jpg,undefined,undefined,fire,74,55,135,109
pic (148).jpg,undefined,undefined,fire,207,5,239,41
pic (149).jpg,undefined,undefined,fire,102,88,179,149
pic (150).jpg,undefined,undefined,fire,110,93,216,207
pic (151).jpg,undefined,undefined,fire,88,42,186,142
pic (152).jpg,undefined,undefined,fire,75,12,192,121
pic (153).jpg,undefined,undefined,fire,138,48,195,116
pic (154).jpg,undefined,undefined,fire,101,14,195,114
pic (155).jpg,undefined,undefined,fire,40,143,115,219
pic (156).jpg,undefined,undefined,fire,140,26,259,123
pic (157).jpg,undefined,undefined,fire,108,75,193,120
pic (157).jpg,undefined,undefined,fire,119,17,168,80
pic (158).jpg,undefined,undefined,fire,115,17,253,89
pic (159).jpg,undefined,undefined,fire,121,68,187,133
pic (160).jpg,undefined,undefined,fire,157,3,256,110
pic (160).jpg,undefined,undefined,fire,2,4,93,78
pic (161).jpg,undefined,undefined,fire,111,84,216,208
pic (162).jpg,undefined,undefined,fire,43,49,143,146
pic (163).jpg,undefined,undefined,fire,96,77,143,141
pic (164).jpg,undefined,undefined,fire,34,104,61,123
pic (164).jpg,undefined,undefined,fire,119,71,182,118
pic (164).jpg,undefined,undefined,fire,216,2,296,130
pic (165).jpg,undefined,undefined,fire,132,85,155,103
pic (166).jpg,undefined,undefined,fire,56,63,118,117
pic (167).jpg,undefined,undefined,fire,110,103,180,163
pic (167).jpg,undefined,undefined,fire,136,78,165,103
pic (167).jpg,undefined,undefined,fire,244,123,278,150
pic (168).jpg,undefined,undefined,fire,127,91,182,152
pic (168).jpg,undefined,undefined,fire,140,28,186,83
pic (169).jpg,undefined,undefined,fire,71,40,139,111
pic (170).jpg,undefined,undefined,fire,105,12,188,131
pic (171).jpg,undefined,undefined,fire,51,17,130,140
pic (172).jpg,undefined,undefined,fire,66,18,209,101
pic (173).jpg,undefined,undefined,fire,133,61,240,144
pic (174).jpg,undefined,undefined,fire,56,33,129,115
pic (175).jpg,undefined,undefined,fire,48,55,171,145
pic (176).jpg,undefined,undefined,fire,54,70,125,126
pic (176).jpg,undefined,undefined,fire,111,8,188,109
pic (177).jpg,undefined,undefined,fire,129,65,207,132
pic (178).jpg,undefined,undefined,fire,120,70,199,147
pic (179).jpg,undefined,undefined,fire,38,70,114,129
pic (179).jpg,undefined,undefined,fire,152,72,244,145
pic (180).jpg,undefined,undefined,fire,97,56,172,112
pic (180).jpg,undefined,undefined,fire,188,74,232,110
pic (181).jpg,undefined,undefined,fire,87,43,192,132
pic (182).jpg,undefined,undefined,fire,111,34,192,117
pic (183).jpg,undefined,undefined,fire,111,37,195,120
pic (184).jpg,undefined,undefined,fire,85,84,152,124
pic (185).jpg,undefined,undefined,fire,99,12,199,104
pic (185).jpg,undefined,undefined,fire,151,114,234,156
pic (186).jpg,undefined,undefined,fire,62,2,235,142
pic (187).jpg,undefined,undefined,fire,78,81,222,160
pic (188).jpg,undefined,undefined,fire,75,9,255,140
pic (189).jpg,undefined,undefined,fire,106,7,204,194
pic (190).jpg,undefined,undefined,fire,42,8,140,80
pic (190).jpg,undefined,undefined,fire,137,46,227,96
pic (191).jpg,undefined,undefined,fire,123,28,217,119
pic (192).jpg,undefined,undefined,fire,176,78,222,101
pic (193).jpg,undefined,undefined,fire,33,11,140,98
pic (194).jpg,undefined,undefined,fire,30,55,142,137
pic (195).jpg,undefined,undefined,fire,50,186,139,247
pic (196).jpg,undefined,undefined,fire,35,6,111,126
pic (197).jpg,undefined,undefined,fire,66,54,198,136
pic (198).jpg,undefined,undefined,fire,19,94,74,138
pic (198).jpg,undefined,undefined,fire,28,28,99,67
pic (198).jpg,undefined,undefined,fire,97,8,154,42
pic (198).jpg,undefined,undefined,fire,150,1,203,39
pic (199).jpg,undefined,undefined,fire,45,11,125,102
pic (200).jpg,undefined,undefined,fire,48,10,119,103
pic (201).jpg,undefined,undefined,fire,39,13,97,85
pic (201).jpg,undefined,undefined,fire,100,18,144,82
pic (201).jpg,undefined,undefined,fire,130,46,228,96
pic (202).jpg,undefined,undefined,fire,94,80,199,152
pic (203).jpg,undefined,undefined,fire,103,49,245,127
pic (204).jpg,undefined,undefined,fire,28,4,149,71
pic (204).jpg,undefined,undefined,fire,151,42,218,107
pic (204).jpg,undefined,undefined,fire,231,41,299,90
pic (205).jpg,undefined,undefined,fire,72,107,133,180
pic (206).jpg,undefined,undefined,fire,85,67,146,137
pic (207).jpg,undefined,undefined,fire,130,58,223,111
pic (208).jpg,undefined,undefined,fire,122,22,217,109
pic (209).jpg,undefined,undefined,fire,78,27,220,118
pic (210).jpg,undefined,undefined,fire,76,85,233,168
pic (211).jpg,undefined,undefined,fire,61,24,193,135
pic (212).jpg,undefined,undefined,fire,150,62,196,102
pic (212).jpg,undefined,undefined,fire,119,79,159,121
pic (213).jpg,undefined,undefined,fire,81,95,131,162
pic (214).jpg,undefined,undefined,fire,66,27,193,150
pic (215).jpg,undefined,undefined,fire,76,17,172,74
pic (215).jpg,undefined,undefined,fire,70,72,115,108
pic (215).jpg,undefined,undefined,fire,161,63,225,124
pic (216).jpg,undefined,undefined,fire,119,66,232,137
pic (217).jpg,undefined,undefined,fire,152,83,220,148
pic (218).jpg,undefined,undefined,fire,33,58,163,175
small (31).jpg,undefined,undefined,fire,206,77,227,105
small (32).jpg,undefined,undefined,fire,108,58,133,87
small (33).jpg,undefined,undefined,fire,189,11,204,49
small (34).jpg,undefined,undefined,fire,104,21,119,49
small (35).jpg,undefined,undefined,fire,8,4,44,49
small (35).jpg,undefined,undefined,fire,78,36,107,75
small (35).jpg,undefined,undefined,fire,143,85,170,127
small (35).jpg,undefined,undefined,fire,164,44,192,81
small (35).jpg,undefined,undefined,fire,210,34,228,60
small (36).jpg,undefined,undefined,fire,122,125,136,141
small (36).jpg,undefined,undefined,fire,157,154,170,173
small (37).jpg,undefined,undefined,fire,52,54,63,78
small (37).jpg,undefined,undefined,fire,87,95,98,110
small (37).jpg,undefined,undefined,fire,112,118,126,134
small (38).jpg,undefined,undefined,fire,118,48,138,78
small (39).jpg,undefined,undefined,fire,46,46,63,86
small (40).jpg,undefined,undefined,fire,136,57,150,81
small (41).jpg,undefined,undefined,fire,124,72,142,96
small (42).jpg,undefined,undefined,fire,135,30,158,62
small (43).jpg,undefined,undefined,fire,30,44,52,72
small (44).jpg,undefined,undefined,fire,136,24,165,66
small (45).jpg,undefined,undefined,fire,49,33,65,66
small (45).jpg,undefined,undefined,fire,54,19,72,48
small (45).jpg,undefined,undefined,fire,95,15,108,47
small (45).jpg,undefined,undefined,fire,115,29,131,61
small (45).jpg,undefined,undefined,fire,136,32,153,61
small (46).jpg,undefined,undefined,fire,145,53,165,87
small (47).jpg,undefined,undefined,fire,84,17,103,53
small (48).jpg,undefined,undefined,fire,133,20,146,49
small (49).jpg,undefined,undefined,fire,136,42,153,71
small (50).jpg,undefined,undefined,fire,142,63,155,81
small (50).jpg,undefined,undefined,fire,158,74,169,89
small (50).jpg,undefined,undefined,fire,184,71,194,86
small (50).jpg,undefined,undefined,fire,201,63,213,81
small (51).jpg,undefined,undefined,fire,71,24,89,47
small (51).jpg,undefined,undefined,fire,188,49,207,69
small (52).jpg,undefined,undefined,fire,91,20,106,44
small (53).jpg,undefined,undefined,fire,84,68,99,100
small (54).jpg,undefined,undefined,fire,64,34,107,143
small (55).jpg,undefined,undefined,fire,133,68,153,89
small (56).jpg,undefined,undefined,fire,82,92,96,126
small (57).jpg,undefined,undefined,fire,157,53,186,81
small (58).jpg,undefined,undefined,fire,124,97,143,120
small (58).jpg,undefined,undefined,fire,57,188,72,209
small (58).jpg,undefined,undefined,fire,119,233,137,251
small (59).jpg,undefined,undefined,fire,150,144,172,163
small (60).jpg,undefined,undefined,fire,81,43,95,59
small (60).jpg,undefined,undefined,fire,148,31,163,49
small (60).jpg,undefined,undefined,fire,171,28,185,45
small (61).jpg,undefined,undefined,fire,51,84,72,112
small (61).jpg,undefined,undefined,fire,83,35,101,58
small (62).jpg,undefined,undefined,fire,162,58,198,143
small (63).jpg,undefined,undefined,fire,146,24,187,62
small (64).jpg,undefined,undefined,fire,135,105,151,125
small (65).jpg,undefined,undefined,fire,126,39,146,90
small (66).jpg,undefined,undefined,fire,56,115,75,135
small (67).jpg,undefined,undefined,fire,79,48,97,77
small (67).jpg,undefined,undefined,fire,191,39,210,69
small (68).jpg,undefined,undefined,fire,41,70,56,87
small (68).jpg,undefined,undefined,fire,62,72,73,86
small (69).jpg,undefined,undefined,fire,61,74,81,97
small (69).jpg,undefined,undefined,fire,178,86,193,123
small (70).jpg,undefined,undefined,fire,213,124,223,140
small (70).jpg,undefined,undefined,fire,240,107,249,123
small (71).jpg,undefined,undefined,fire,174,42,200,79
small (72).jpg,undefined,undefined,fire,123,150,144,175
small (73).jpg,undefined,undefined,fire,90,155,109,169
small (74).jpg,undefined,undefined,fire,130,75,148,97
small (75).jpg,undefined,undefined,fire,78,79,96,102
small (76).jpg,undefined,undefined,fire,193,90,213,115
small (77).jpg,undefined,undefined,fire,92,13,105,57
small (77).jpg,undefined,undefined,fire,138,95,160,131
small (77).jpg,undefined,undefined,fire,193,24,207,54
small (78).jpg,undefined,undefined,fire,76,77,101,112
small (78).jpg,undefined,undefined,fire,125,123,150,147
small (78).jpg,undefined,undefined,fire,168,78,192,105
small (78).jpg,undefined,undefined,fire,127,24,147,48
small (79).jpg,undefined,undefined,fire,201,102,236,156
small (80).jpg,undefined,undefined,fire,81,69,100,100
small (81).jpg,undefined,undefined,fire,37,36,54,61
small (81).jpg,undefined,undefined,fire,96,60,109,88
small (81).jpg,undefined,undefined,fire,120,23,133,49
small (81).jpg,undefined,undefined,fire,186,47,193,68
small (82).jpg,undefined,undefined,fire,183,21,208,67
small (83).jpg,undefined,undefined,fire,24,98,48,130
small (83).jpg,undefined,undefined,fire,166,128,186,158
small (84).jpg,undefined,undefined,fire,66,90,88,115
small (85).jpg,undefined,undefined,fire,149,44,167,61
small (86).jpg,undefined,undefined,fire,57,199,69,214
small (86).jpg,undefined,undefined,fire,113,199,125,216
small (87).jpg,undefined,undefined,fire,119,94,148,145
small (88).jpg,undefined,undefined,fire,132,77,145,93
small (88).jpg,undefined,undefined,fire,176,82,191,98
small (89).jpg,undefined,undefined,fire,51,36,71,77
small (89).jpg,undefined,undefined,fire,146,15,170,52
small (89).jpg,undefined,undefined,fire,161,60,183,106
small (90).jpg,undefined,undefined,fire,111,47,151,92
small (91).jpg,undefined,undefined,fire,196,34,217,69
small (92).jpg,undefined,undefined,fire,141,96,162,118
small (93).jpg,undefined,undefined,fire,53,15,71,46
small (94).jpg,undefined,undefined,fire,74,13,87,32
small (95).jpg,undefined,undefined,fire,205,114,223,138
small (96).jpg,undefined,undefined,fire,132,21,141,36
small (97).jpg,undefined,undefined,fire,103,99,127,125
small (98).jpg,undefined,undefined,fire,94,81,171,113
small (99).jpg,undefined,undefined,fire,176,87,190,106
small (100).jpg,undefined,undefined,fire,148,5,177,58
small (101).jpg,undefined,undefined,fire,54,97,73,118
small (102).jpg,undefined,undefined,fire,87,11,105,45
small (102).jpg,undefined,undefined,fire,101,2,115,24
small (102).jpg,undefined,undefined,fire,161,2,178,25
small (102).jpg,undefined,undefined,fire,206,13,220,34
small (103).jpg,undefined,undefined,fire,38,104,64,122
small (103).jpg,undefined,undefined,fire,55,114,81,142
small (103).jpg,undefined,undefined,fire,70,81,100,117
small (103).jpg,undefined,undefined,fire,95,75,122,99
small (103).jpg,undefined,undefined,fire,157,25,195,79
small (103).jpg,undefined,undefined,fire,221,33,251,84
small (104).jpg,undefined,undefined,fire,133,61,173,93
small (105).jpg,undefined,undefined,fire,162,114,179,135
small (106).jpg,undefined,undefined,fire,81,20,106,50
small (107).jpg,undefined,undefined,fire,152,64,170,81
small (108).jpg,undefined,undefined,fire,14,48,38,75
small (109).jpg,undefined,undefined,fire,74,71,92,91
small (109).jpg,undefined,undefined,fire,116,84,132,102
small (110).jpg,undefined,undefined,fire,166,67,204,135
small (111).jpg,undefined,undefined,fire,217,76,247,134
small (112).jpg,undefined,undefined,fire,195,79,207,96
small (113).jpg,undefined,undefined,fire,30,53,51,90
small (113).jpg,undefined,undefined,fire,145,24,175,53
small (113).jpg,undefined,undefined,fire,216,108,231,132
small (113).jpg,undefined,undefined,fire,151,2,179,43
small (113).jpg,undefined,undefined,fire,237,5,265,42
small (114).jpg,undefined,undefined,fire,13,122,27,137
small (114).jpg,undefined,undefined,fire,42,128,55,148
small (114).jpg,undefined,undefined,fire,123,81,135,104
small (114).jpg,undefined,undefined,fire,82,62,94,77
small (114).jpg,undefined,undefined,fire,94,74,107,91
small (114).jpg,undefined,undefined,fire,163,109,180,129
small (115).jpg,undefined,undefined,fire,57,69,75,86
small (116).jpg,undefined,undefined,fire,200,39,223,73
small (117).jpg,undefined,undefined,fire,51,129,67,145
small (118).jpg,undefined,undefined,fire,56,114,63,128
small (119).jpg,undefined,undefined,fire,153,95,171,111
small (120).jpg,undefined,undefined,fire,140,57,153,83
small (121).jpg,undefined,undefined,fire,35,44,49,65
small (122).jpg,undefined,undefined,fire,83,97,107,128
small (123).jpg,undefined,undefined,fire,91,30,131,121
small (124).jpg,undefined,undefined,fire,111,68,146,113
small (125).jpg,undefined,undefined,fire,68,83,95,145
small (126).jpg,undefined,undefined,fire,159,70,189,104
small (127).jpg,undefined,undefined,fire,96,98,114,118
small (127).jpg,undefined,undefined,fire,134,104,147,123
small (128).jpg,undefined,undefined,fire,110,101,119,110
small (128).jpg,undefined,undefined,fire,120,100,130,113
small (128).jpg,undefined,undefined,fire,129,99,140,109
small (129).jpg,undefined,undefined,fire,69,96,80,117
small (130).jpg,undefined,undefined,fire,170,13,193,53
small (131).jpg,undefined,undefined,fire,121,69,142,96
small (132).jpg,undefined,undefined,fire,163,84,172,102
small (132).jpg,undefined,undefined,fire,186,83,198,103
small (133).jpg,undefined,undefined,fire,169,85,179,95
small (134).jpg,undefined,undefined,fire,151,100,166,115
small (135).jpg,undefined,undefined,fire,177,82,193,112
small (136).jpg,undefined,undefined,fire,90,66,112,101
small (137).jpg,undefined,undefined,fire,76,21,104,67
